{"pools":[{"rolls":1,"entries":[{"type":"item","weight":3,"name":"minecraft:acacia_sapling","functions":[{"function":"set_count","count":{"min":1,"max":3}}]},{"type":"item","weight":3,"name":"minecraft:birch_sapling","functions":[{"function":"set_count","count":{"min":1,"max":3}}]},{"type":"item","weight":3,"name":"minecraft:dark_oak_sapling","functions":[{"function":"set_count","count":{"min":1,"max":3}}]},{"type":"item","weight":3,"name":"minecraft:jungle_sapling","functions":[{"function":"set_count","count":{"min":1,"max":3}}]},{"type":"item","weight":3,"name":"minecraft:oak_sapling","functions":[{"function":"set_count","count":{"min":1,"max":3}}]},{"type":"item","weight":3,"name":"minecraft:spruce_sapling","functions":[{"function":"set_count","count":{"min":1,"max":3}}]},{"type":"item","weight":1,"name":"minecraft:dandelion","functions":[{"function":"set_count","count":{"min":1,"max":3}}]},{"type":"item","weight":1,"name":"minecraft:poppy","functions":[{"function":"set_count","count":{"min":1,"max":3}}]},{"type":"item","weight":1,"name":"minecraft:blue_orchid","functions":[{"function":"set_count","count":{"min":1,"max":3}}]},{"type":"item","weight":1,"name":"minecraft:allium","functions":[{"function":"set_count","count":{"min":1,"max":3}}]},{"type":"item","weight":1,"name":"minecraft:azure_bluet","functions":[{"function":"set_count","count":{"min":1,"max":3}}]},{"type":"item","weight":1,"name":"minecraft:orange_tulip","functions":[{"function":"set_count","count":{"min":1,"max":3}}]},{"type":"item","weight":1,"name":"minecraft:pink_tulip","functions":[{"function":"set_count","count":{"min":1,"max":3}}]},{"type":"item","weight":1,"name":"minecraft:red_tulip","functions":[{"function":"set_count","count":{"min":1,"max":3}}]},{"type":"item","weight":1,"name":"minecraft:white_tulip","functions":[{"function":"set_count","count":{"min":1,"max":3}}]},{"type":"item","weight":1,"name":"minecraft:oxeye_daisy","functions":[{"function":"set_count","count":{"min":1,"max":3}}]},{"type":"item","weight":1,"name":"minecraft:cornflower","functions":[{"function":"set_count","count":{"min":1,"max":3}}]},{"type":"item","weight":1,"name":"minecraft:lily_of_the_valley","functions":[{"function":"set_count","count":{"min":1,"max":3}}]},{"type":"item","weight":1,"name":"minecraft:brown_mushroom","functions":[{"function":"set_count","count":{"min":1,"max":3}}]},{"type":"item","weight":1,"name":"minecraft:red_mushroom","functions":[{"function":"set_count","count":{"min":1,"max":3}}]},{"type":"item","weight":1,"name":"minecraft:sunflower","functions":[{"function":"set_count","count":{"min":1,"max":3}}]},{"type":"item","weight":1,"name":"minecraft:lilac","functions":[{"function":"set_count","count":{"min":1,"max":3}}]},{"type":"item","weight":1,"name":"minecraft:rose_bush","functions":[{"function":"set_count","count":{"min":1,"max":3}}]},{"type":"item","weight":1,"name":"minecraft:peony","functions":[{"function":"set_count","count":{"min":1,"max":3}}]},{"type":"item","weight":5,"name":"minecraft:stone","functions":[{"function":"set_count","count":{"min":1,"max":3}}]},{"type":"item","weight":3,"name":"minecraft:andesite","functions":[{"function":"set_count","count":{"min":1,"max":3}}]},{"type":"item","weight":3,"name":"minecraft:granite","functions":[{"function":"set_count","count":{"min":1,"max":3}}]},{"type":"item","weight":3,"name":"minecraft:diorite","functions":[{"function":"set_count","count":{"min":1,"max":3}}]},{"type":"item","weight":5,"name":"minecraft:coarse_dirt","functions":[{"function":"set_count","count":{"min":1,"max":3}}]},{"type":"item","weight":5,"name":"minecraft:gravel","functions":[{"function":"set_count","count":{"min":1,"max":3}}]},{"type":"item","weight":5,"name":"minecraft:sand","functions":[{"function":"set_count","count":{"min":1,"max":3}}]},{"type":"item","weight":3,"name":"minecraft:red_sand","functions":[{"function":"set_count","count":{"min":1,"max":3}}]},{"type":"item","weight":5,"name":"minecraft:wheat_seeds","functions":[{"function":"set_count","count":{"min":1,"max":5}}]},{"type":"item","weight":5,"name":"minecraft:melon_seeds","functions":[{"function":"set_count","count":{"min":1,"max":5}}]},{"type":"item","weight":5,"name":"minecraft:kelp","functions":[{"function":"set_count","count":{"min":1,"max":5}}]},{"type":"item","weight":5,"name":"minecraft:carrot","functions":[{"function":"set_count","count":{"min":1,"max":5}}]},{"type":"item","weight":5,"name":"minecraft:potato","functions":[{"function":"set_count","count":{"min":1,"max":5}}]},{"type":"item","weight":5,"name":"minecraft:beetroot","functions":[{"function":"set_count","count":{"min":1,"max":5}}]},{"type":"item","weight":5,"name":"minecraft:sweet_berries","functions":[{"function":"set_count","count":{"min":1,"max":5}}]},{"type":"item","weight":3,"name":"minecraft:rotten_flesh","functions":[{"function":"set_count","count":{"min":1,"max":3}}]},{"type":"item","weight":3,"name":"minecraft:poisonous_potato","functions":[{"function":"set_count","count":{"min":1,"max":3}}]}]}]}