{"pools":[{"rolls":1,"entries":[{"type":"item","weight":5,"name":"minecraft:gold_nugget","functions":[{"function":"set_count","count":{"min":1,"max":5}}]},{"type":"item","weight":5,"name":"minecraft:iron_nugget","functions":[{"function":"set_count","count":{"min":1,"max":5}}]},{"type":"item","weight":5,"name":"minecraft:coal","functions":[{"function":"set_count","count":{"min":1,"max":5}}]},{"type":"item","weight":3,"name":"minecraft:lapis_lazuli","functions":[{"function":"set_count","count":{"min":1,"max":3}}]},{"type":"item","weight":3,"name":"minecraft:diamond","functions":[{"function":"set_count","count":{"min":1,"max":3}}]},{"type":"item","weight":3,"name":"minecraft:redstone","functions":[{"function":"set_count","count":{"min":1,"max":3}}]},{"type":"item","weight":3,"name":"minecraft:emerald","functions":[{"function":"set_count","count":{"min":1,"max":3}}]},{"type":"item","weight":3,"name":"minecraft:quartz","functions":[{"function":"set_count","count":{"min":1,"max":3}}]},{"type":"item","weight":1,"name":"minecraft:mushroom_stew","functions":[{"function":"set_count","count":{"min":1,"max":3}}]},{"type":"item","weight":1,"name":"minecraft:rabbit_stew","functions":[{"function":"set_count","count":{"min":1,"max":3}}]},{"type":"item","weight":1,"name":"minecraft:beetroot_soup","functions":[{"function":"set_count","count":{"min":1,"max":3}}]},{"type":"item","weight":1,"name":"minecraft:cooked_beef","functions":[{"function":"set_count","count":{"min":1,"max":3}}]},{"type":"item","weight":1,"name":"minecraft:cooked_chicken","functions":[{"function":"set_count","count":{"min":1,"max":3}}]},{"type":"item","weight":1,"name":"minecraft:cooked_cod","functions":[{"function":"set_count","count":{"min":1,"max":3}}]},{"type":"item","weight":1,"name":"minecraft:cooked_mutton","functions":[{"function":"set_count","count":{"min":1,"max":3}}]},{"type":"item","weight":1,"name":"minecraft:cooked_porkchop","functions":[{"function":"set_count","count":{"min":1,"max":3}}]},{"type":"item","weight":1,"name":"minecraft:cooked_rabbit","functions":[{"function":"set_count","count":{"min":1,"max":3}}]},{"type":"item","weight":1,"name":"minecraft:cooked_salmon","functions":[{"function":"set_count","count":{"min":1,"max":3}}]},{"type":"item","weight":1,"name":"minecraft:pumpkin_pie","functions":[{"function":"set_count","count":{"min":1,"max":3}}]},{"type":"item","weight":1,"name":"minecraft:gunpowder","functions":[{"function":"set_count","count":{"min":1,"max":3}}]}]}]}