{"pools":[{"rolls":1,"entries":[{"type":"item","weight":1,"name":"minecraft:golden_apple","functions":[{"function":"set_count","count":{"min":1,"max":3}}]},{"type":"item","weight":1,"name":"minecraft:cake","functions":[{"function":"set_count","count":1}]},{"type":"item","weight":1,"name":"minecraft:cookie","functions":[{"function":"set_count","count":{"min":1,"max":5}}]},{"type":"item","weight":1,"name":"minecraft:iron_axe","functions":[{"function":"set_count","count":1},{"function":"set_nbt","tag":"{HideFlags:2,Enchantments:[{id:\"minecraft:sharpness\",lvl:1s},{id:\"minecraft:efficiency\",lvl:2s},{id:\"minecraft:unbreaking\",lvl:1s}],AttributeModifiers:[{AttributeName:\"generic.knockbackResistance\",Name:\"generic.knockbackResistance\",Amount:1.5,Operation:2,UUIDLeast:7644103,UUIDMost:-8953393,Slot:\"mainhand\"},{AttributeName:\"generic.knockbackResistance\",Name:\"generic.knockbackResistance\",Amount:1.5,Operation:2,UUIDLeast:4304965,UUIDMost:8777476,Slot:\"offhand\"},{AttributeName:\"generic.attackSpeed\",Name:\"generic.attackSpeed\",Amount:1.5,Operation:2,UUIDLeast:-1447422,UUIDMost:-4913695,Slot:\"mainhand\"},{AttributeName:\"generic.attackDamage\",Name:\"generic.attackDamage\",Amount:1.5,Operation:2,UUIDLeast:3276983,UUIDMost:9587271,Slot:\"mainhand\"}]}"},{"function":"set_lore","lore":[{"text":"Serendipity"}]}]},{"type":"item","weight":1,"name":"minecraft:iron_hoe","functions":[{"function":"set_count","count":1},{"function":"set_nbt","tag":"{HideFlags:2,Enchantments:[{id:\"minecraft:efficiency\",lvl:2s},{id:\"minecraft:unbreaking\",lvl:1s}],AttributeModifiers:[{AttributeName:\"generic.movementSpeed\",Name:\"generic.movementSpeed\",Amount:1.5,Operation:2,UUIDLeast:-3540032,UUIDMost:8747361,Slot:\"offhand\"}]}"},{"function":"set_lore","lore":[{"text":"Gobbledygook"}]}]},{"type":"item","weight":1,"name":"minecraft:iron_pickaxe","functions":[{"function":"set_count","count":1},{"function":"set_nbt","tag":"{HideFlags:2,Enchantments:[{id:\"minecraft:efficiency\",lvl:2s},{id:\"minecraft:unbreaking\",lvl:1s},{id:\"minecraft:fortune\",lvl:3s}],AttributeModifiers:[{AttributeName:\"generic.armorToughness\",Name:\"generic.armorToughness\",Amount:1.5,Operation:2,UUIDLeast:1772249,UUIDMost:9611743,Slot:\"mainhand\"},{AttributeName:\"generic.armorToughness\",Name:\"generic.armorToughness\",Amount:1.5,Operation:2,UUIDLeast:-5918795,UUIDMost:2931009,Slot:\"offhand\"},{AttributeName:\"generic.movementSpeed\",Name:\"generic.movementSpeed\",Amount:1.25,Operation:2,UUIDLeast:-7920700,UUIDMost:-5898176,Slot:\"offhand\"}]}"},{"function":"set_lore","lore":[{"text":"Agastopia"}]}]},{"type":"item","weight":1,"name":"minecraft:iron_shovel","functions":[{"function":"set_count","count":1},{"function":"set_nbt","tag":"{HideFlags:2,Enchantments:[{id:\"minecraft:efficiency\",lvl:2s},{id:\"minecraft:silk_touch\",lvl:1s},{id:\"minecraft:unbreaking\",lvl:1s}],AttributeModifiers:[{AttributeName:\"generic.maxHealth\",Name:\"generic.maxHealth\",Amount:2,Operation:2,UUIDLeast:-7236516,UUIDMost:-5688521},{AttributeName:\"generic.knockbackResistance\",Name:\"generic.knockbackResistance\",Amount:1.5,Operation:2,UUIDLeast:23469,UUIDMost:-4368598}]}"},{"function":"set_lore","lore":[{"text":"Jentacular"}]}]},{"type":"item","weight":1,"name":"minecraft:iron_sword","functions":[{"function":"set_count","count":1},{"function":"set_nbt","tag":"{HideFlags:2,Enchantments:[{id:\"minecraft:sharpness\",lvl:1s},{id:\"minecraft:bane_of_arthropods\",lvl:9s},{id:\"minecraft:knockback\",lvl:1s}],AttributeModifiers:[{AttributeName:\"generic.maxHealth\",Name:\"generic.maxHealth\",Amount:1.5,Operation:2,UUIDLeast:-8264592,UUIDMost:-3422942},{AttributeName:\"generic.knockbackResistance\",Name:\"generic.knockbackResistance\",Amount:2,Operation:2,UUIDLeast:-530621,UUIDMost:2480470,Slot:\"offhand\"},{AttributeName:\"generic.attackSpeed\",Name:\"generic.attackSpeed\",Amount:1.5,Operation:2,UUIDLeast:3647309,UUIDMost:-9583699,Slot:\"mainhand\"}]}"},{"function":"set_lore","lore":[{"text":"Winklepicker"}]}]},{"type":"item","weight":1,"name":"minecraft:iron_helmet","functions":[{"function":"set_count","count":1},{"function":"set_nbt","tag":"{HideFlags:2,Enchantments:[{id:\"minecraft:projectile_protection\",lvl:2s},{id:\"minecraft:respiration\",lvl:1s},{id:\"minecraft:thorns\",lvl:1s}],AttributeModifiers:[{AttributeName:\"generic.armor\",Name:\"generic.armor\",Amount:2,Operation:2,UUIDLeast:-1462028,UUIDMost:6740572,Slot:\"head\"}]}"},{"function":"set_lore","lore":[{"text":"Ulotrichious"}]}]},{"type":"item","weight":1,"name":"minecraft:iron_chestplate","functions":[{"function":"set_count","count":1},{"function":"set_nbt","tag":"{HideFlags:2,Enchantments:[{id:\"minecraft:protection\",lvl:1s},{id:\"minecraft:blast_protection\",lvl:2s},{id:\"minecraft:thorns\",lvl:1s}],AttributeModifiers:[{AttributeName:\"generic.knockbackResistance\",Name:\"generic.knockbackResistance\",Amount:1.5,Operation:2,UUIDLeast:-1749909,UUIDMost:7096294,Slot:\"chest\"}]}"},{"function":"set_lore","lore":[{"text":"Xertz"}]}]},{"type":"item","weight":1,"name":"minecraft:iron_leggings","functions":[{"function":"set_count","count":1},{"function":"set_nbt","tag":"{HideFlags:2,Enchantments:[{id:\"minecraft:protection\",lvl:1s},{id:\"minecraft:thorns\",lvl:1s},{id:\"minecraft:unbreaking\",lvl:1s}],AttributeModifiers:[{AttributeName:\"generic.movementSpeed\",Name:\"generic.movementSpeed\",Amount:1.5,Operation:2,UUIDLeast:3991140,UUIDMost:4455398,Slot:\"legs\"}]}"},{"function":"set_lore","lore":[{"text":"Kakorrhaphiophobia"}]}]},{"type":"item","weight":1,"name":"minecraft:iron_boots","functions":[{"function":"set_count","count":1},{"function":"set_nbt","tag":"{HideFlags:2,Enchantments:[{id:\"minecraft:protection\",lvl:1s},{id:\"minecraft:thorns\",lvl:1s},{id:\"minecraft:depth_strider\",lvl:3s}],AttributeModifiers:[{AttributeName:\"generic.attackDamage\",Name:\"generic.attackDamage\",Amount:2,Operation:2,UUIDLeast:2666036,UUIDMost:-5919167,Slot:\"feet\"}]}"},{"function":"set_lore","lore":[{"text":"Quire"}]}]}]}]}