{"pools":[{"rolls":1,"entries":[
{"type":"loot_table","weight":30,"name":"mgngn_ge:golden_egg/common","functions":[{"function":"set_count","count":1}]},
{"type":"loot_table","weight":10,"name":"mgngn_ge:golden_egg/medium","functions":[{"function":"set_count","count":1}]},
{"type":"loot_table","weight":7,"name":"mgngn_ge:golden_egg/rare","functions":[{"function":"set_count","count":1}]},
{"type":"loot_table","weight":2,"name":"mgngn_ge:golden_egg/ultra","functions":[{"function":"set_count","count":1}]},
{"type":"loot_table","weight":1,"name":"mgngn_ge:golden_egg/dangerous","functions":[{"function":"set_count","count":1}]}
]}]}