{"pools":[{"rolls":2,"entries":[
{"type":"loot_table","weight":5,"name":"mgngn_ge:golden_egg/common","functions":[{"function":"set_count","count":1}]},
{"type":"loot_table","weight":10,"name":"mgngn_ge:golden_egg/medium","functions":[{"function":"set_count","count":1}]},
{"type":"loot_table","weight":10,"name":"mgngn_ge:golden_egg/rare","functions":[{"function":"set_count","count":1}]},
{"type":"loot_table","weight":15,"name":"mgngn_ge:golden_egg/ultra","functions":[{"function":"set_count","count":1}]},
{"type":"loot_table","weight":10,"name":"mgngn_ge:golden_egg/dangerous","functions":[{"function":"set_count","count":1}]}
]}]}
