{"pools":[{"rolls":1,"entries":[{"type":"item","weight":1,"name":"minecraft:stick","functions":[{"function":"set_count","count":1},{"function":"set_nbt","tag":"{HideFlags:2,Enchantments:[{id:\"minecraft:sharpness\",lvl:4s},{id:\"minecraft:knockback\",lvl:3s},{id:\"minecraft:looting\",lvl:8s},{id:\"minecraft:infinity\",lvl:1s}],AttributeModifiers:[{AttributeName:\"generic.maxHealth\",Name:\"generic.maxHealth\",Amount:5,Operation:2,UUIDLeast:-9533928,UUIDMost:-2675630,Slot:\"mainhand\"},{AttributeName:\"generic.maxHealth\",Name:\"generic.maxHealth\",Amount:5,Operation:2,UUIDLeast:-7862963,UUIDMost:-6189447,Slot:\"offhand\"}]}"},{"function":"set_name","name":[{"text":"Wrath of Dave","italic":false}]},{"function":"set_lore","lore":[{"text":"Wield with caution"}]}]},{"type":"item","weight":1,"name":"minecraft:feather","functions":[{"function":"set_count","count":1},{"function":"set_nbt","tag":"{HideFlags:2,Enchantments:[{id:\"minecraft:knockback\",lvl:10s}],AttributeModifiers:[{AttributeName:\"generic.attackDamage\",Name:\"generic.attackDamage\",Amount:0,Operation:2,UUIDLeast:-8703956,UUIDMost:4306339,Slot:\"mainhand\"}]}"},{"function":"set_name","name":[{"text":"Disturbing the Peace","italic":false}]},{"function":"set_lore","lore":[{"text":"Don't you dare"}]}]},{"type":"item","weight":1,"name":"minecraft:flint","functions":[{"function":"set_count","count":1},{"function":"set_nbt","tag":"{HideFlags:2,Enchantments:[{id:\"minecraft:sharpness\",lvl:6s},{id:\"minecraft:fire_aspect\",lvl:3s},{id:\"minecraft:looting\",lvl:1s}],AttributeModifiers:[{AttributeName:\"generic.armorToughness\",Name:\"generic.armorToughness\",Amount:10,Operation:2,UUIDLeast:7190436,UUIDMost:7559343,Slot:\"mainhand\"},{AttributeName:\"generic.armorToughness\",Name:\"generic.armorToughness\",Amount:10,Operation:2,UUIDLeast:394944,UUIDMost:9306797,Slot:\"offhand\"}]}"},{"function":"set_name","name":[{"text":"Love and Hate","italic":false}]},{"function":"set_lore","lore":[{"text":"Definitely hate"}]}]},{"type":"item","weight":1,"name":"minecraft:enchanted_book","functions":[{"function":"set_count","count":1},{"function":"set_nbt","tag":"{StoredEnchantments:[{id:\"minecraft:efficiency\",lvl:10s}]}"},{"function":"set_name","name":[{"text":"Efficiency X","italic":false}]},{"function":"set_lore","lore":[{"text":"Sanic time"}]}]},{"type":"item","weight":1,"name":"minecraft:enchanted_book","functions":[{"function":"set_count","count":{"min":3,"max":5}},{"function":"set_nbt","tag":"{StoredEnchantments:[{id:\"minecraft:silk_touch\",lvl:1s}]}"},{"function":"set_name","name":[{"text":"Silky Boi","italic":false}]},{"function":"set_lore","lore":[{"text":"A smooooth boi"}]}]},{"type":"item","weight":1,"name":"minecraft:enchanted_book","functions":[{"function":"set_count","count":1},{"function":"set_nbt","tag":"{StoredEnchantments:[{id:\"minecraft:unbreaking\",lvl:10s}]}"},{"function":"set_name","name":[{"text":"Unbreaking X","italic":false}]},{"function":"set_lore","lore":[{"text":"Effectively indestructible"}]}]},{"type":"item","weight":1,"name":"minecraft:enchanted_book","functions":[{"function":"set_count","count":1},{"function":"set_nbt","tag":"{StoredEnchantments:[{id:\"minecraft:fortune\",lvl:10s}]}"},{"function":"set_name","name":[{"text":"Fortune X","italic":false}]},{"function":"set_lore","lore":[{"text":"How very fortunate"}]}]},{"type":"item","weight":1,"name":"minecraft:enchanted_book","functions":[{"function":"set_count","count":1},{"function":"set_nbt","tag":"{StoredEnchantments:[{id:\"minecraft:luck_of_the_sea\",lvl:10s}]}"},{"function":"set_name","name":[{"text":"Luck of the Sea X","italic":false}]},{"function":"set_lore","lore":[{"text":"The fish come bearing  gifts"}]}]},{"type":"item","weight":1,"name":"minecraft:enchanted_book","functions":[{"function":"set_count","count":1},{"function":"set_nbt","tag":"{StoredEnchantments:[{id:\"minecraft:lure\",lvl:10s}]}"},{"function":"set_name","name":[{"text":"Lure X","italic":false}]},{"function":"set_lore","lore":[{"text":"Fiiiiiiish"}]}]},{"type":"item","weight":1,"name":"minecraft:enchanted_book","functions":[{"function":"set_count","count":{"min":3,"max":5}},{"function":"set_nbt","tag":"{StoredEnchantments:[{id:\"minecraft:mending\",lvl:1s}]}"},{"function":"set_name","name":[{"text":"Mendy Boi","italic":false}]},{"function":"set_lore","lore":[{"text":"Who cares about durability anyway..."}]}]}]}]}