{"pools":[{"rolls":1,"entries":[{"type":"item","weight":1,"name":"minecraft:gunpowder","functions":[{"function":"set_count","count":{"min":4,"max":8}}]}]},{"rolls":1,"entries":[{"type":"item","weight":2,"name":"minecraft:iron_ingot","functions":[{"function":"set_count","count":{"min":1,"max":3}}]},{"type":"item","weight":2,"name":"minecraft:gold_ingot","functions":[{"function":"set_count","count":{"min":1,"max":3}}]},{"type":"item","weight":2,"name":"minecraft:golden_apple","functions":[{"function":"set_count","count":{"min":1,"max":3}}]},{"type":"item","weight":2,"name":"minecraft:golden_carrot","functions":[{"function":"set_count","count":{"min":1,"max":3}}]},{"type":"item","weight":1,"name":"minecraft:enchanted_golden_apple","functions":[{"function":"set_count","count":1}]}]}]}