{"pools":[{"rolls":2,"entries":[{"type":"item","weight":1,"name":"minecraft:diamond","functions":[{"function":"set_count","count":{"min":1,"max":3}}]},{"type":"item","weight":1,"name":"minecraft:gold_ingot","functions":[{"function":"set_count","count":{"min":1,"max":4}}]},{"type":"item","weight":1,"name":"minecraft:iron_ingot","functions":[{"function":"set_count","count":{"min":1,"max":5}}]},{"type":"item","weight":1,"name":"minecraft:obsidian","functions":[{"function":"set_count","count":{"min":1,"max":2}}]}]},{"rolls":3,"entries":[{"type":"item","weight":1,"name":"minecraft:stick","functions":[{"function":"set_count","count":{"min":1,"max":8}}]},{"type":"item","weight":1,"name":"minecraft:black_wool","functions":[{"function":"set_count","count":{"min":1,"max":6}}]},{"type":"item","weight":1,"name":"minecraft:cobblestone","functions":[{"function":"set_count","count":{"min":1,"max":4}}]},{"type":"item","weight":1,"name":"minecraft:nether_brick","functions":[{"function":"set_count","count":{"min":1,"max":5}}]},{"type":"item","weight":1,"name":"minecraft:black_banner","functions":[{"function":"set_count","count":{"min":2,"max":5}},{"function":"set_nbt","tag":"{BlockEntityTag:{Patterns:[{Color:0,Pattern:\"gru\"},{Color:15,Pattern:\"tl\"},{Color:15,Pattern:\"br\"},{Color:15,Pattern:\"cbo\"},{Color:15,Pattern:\"bo\"},{Color:15,Pattern:\"bri\"}],CustomName:'{\"text\":\"Banner of Garithath\",\"color\":\"black\",\"italic\":false}'}}"}]}]}]}