{"type":"generic","pools":[{"rolls":3,"entries":[{"type":"item","weight":4,"name":"minecraft:diamond","functions":[{"function":"set_count","count":{"min":2,"max":4}}]},{"type":"item","weight":2,"name":"minecraft:diamond_sword","functions":[{"function":"set_count","count":1},{"function":"set_nbt","tag":"{Enchantments:[{id:\"minecraft:sharpness\",lvl:6s},{id:\"minecraft:knockback\",lvl:8s},{id:\"minecraft:looting\",lvl:4s},{id:\"minecraft:vanishing_curse\",lvl:1s}]}"}]},{"type":"item","weight":1,"name":"minecraft:leather_helmet","functions":[{"function":"set_count","count":1},{"function":"set_nbt","tag":"{display:{color:0},AttributeModifiers:[{AttributeName:\"generic.knockbackResistance\",Name:\"generic.knockbackResistance\",Amount:1.5,Operation:2,UUIDLeast:877187,UUIDMost:315849,Slot:\"head\"}]}"}]},{"type":"item","weight":1,"name":"minecraft:black_shulker_box","functions":[{"function":"set_count","count":1},{"function":"set_nbt","tag":"{BlockEntityTag:{LootTable:\"mgngn_ge:creatures/garithath\",CustomName:'{\"text\":\"Garithath\\'s Belongings\",\"color\":\"black\",\"italic\":false}'}}"},{"function":"set_name","name":[{"text":"Box of Garithath","italic":false}]},{"function":"set_lore","lore":[{"text":"Garithath's Belongings"}]}]}]}]}